cluster,area,major_axis_length,minor_axis_length
0,-0.039445000000000001,-0.060800000000000000,-0.0740780000000000
1,0.29958299999999999,0.38441700000000001,0.42020600000000002
2,-0.22694200000000000,-0.2860320000000000,-0.29053299999999999
3,-0.4899630000000000,-0.551974000000000,-0.5914540000000000
4,-0.5750410000000000,-0.6155450000000000,-0.6695080000000000
5,-0.716358000000000,-0.850821000000000,-0.8571390000000000

